pan,employee_name,filename,approved_at,approved_by,published,published_by,published_at,session_id
FGHIJ5678K,Priya Patel,FGHIJ5678K_Form16.pdf,2026-06-22T12:43:27.795177,hr001,True,hr001,2026-06-24T13:47:56.196337,F83CDA8E495F4DB4
ABCDE1234F,Aarav Sharma,ABCDE1234F_Form16.pdf,2026-06-24T11:26:12.472311,hr001,True,hr001,2026-06-24T13:47:55.820097,F83CDA8E495F4DB4
FGHIJ5678K,Priya Patel,FGHIJ5678K_Form16.pdf,2026-06-24T11:26:12.920047,hr001,True,hr001,2026-06-24T13:47:56.197933,F83CDA8E495F4DB4
KLMNO9012P,Amit Verma,KLMNO9012P_Form16.pdf,2026-06-24T11:26:13.167339,hr001,True,hr001,2026-06-24T13:47:56.453604,F83CDA8E495F4DB4
QRSTU3456V,Sneha Reddy,QRSTU3456V_Form16.pdf,2026-06-24T11:26:13.237303,hr001,True,hr001,2026-06-24T13:47:56.556602,F83CDA8E495F4DB4
WXYZA7890B,Vikram Malhotra,WXYZA7890B_Form16.pdf,2026-06-24T11:26:13.486509,hr001,True,hr001,2026-06-24T13:47:56.823343,F83CDA8E495F4DB4
ABCDE1234F,Aarav Sharma,ABCDE1234F_Form16.pdf,2026-06-24T13:28:50.253863,hr001,True,hr001,2026-06-24T13:47:55.826336,F83CDA8E495F4DB4
FGHIJ5678K,Priya Patel,FGHIJ5678K_Form16.pdf,2026-06-24T13:28:50.522234,hr001,True,hr001,2026-06-24T13:47:56.200879,F83CDA8E495F4DB4
KLMNO9012P,Amit Verma,KLMNO9012P_Form16.pdf,2026-06-24T13:28:50.593913,hr001,True,hr001,2026-06-24T13:47:56.456366,F83CDA8E495F4DB4
QRSTU3456V,Sneha Reddy,QRSTU3456V_Form16.pdf,2026-06-24T13:28:50.851455,hr001,True,hr001,2026-06-24T13:47:56.558937,F83CDA8E495F4DB4
WXYZA7890B,Vikram Malhotra,WXYZA7890B_Form16.pdf,2026-06-24T13:28:50.920157,hr001,True,hr001,2026-06-24T13:47:56.826218,F83CDA8E495F4DB4
ABCDE1234F,Aarav Sharma,ABCDE1234F_Form16.pdf,2026-06-24T13:47:46.952867,hr001,True,hr001,2026-06-24T13:47:55.832668,F83CDA8E495F4DB4
FGHIJ5678K,Priya Patel,FGHIJ5678K_Form16.pdf,2026-06-24T13:47:47.281812,hr001,True,hr001,2026-06-24T13:47:56.205156,F83CDA8E495F4DB4
KLMNO9012P,Amit Verma,KLMNO9012P_Form16.pdf,2026-06-24T13:47:47.531612,hr001,True,hr001,2026-06-24T13:47:56.459680,F83CDA8E495F4DB4
QRSTU3456V,Sneha Reddy,QRSTU3456V_Form16.pdf,2026-06-24T13:47:47.600911,hr001,True,hr001,2026-06-24T13:47:56.562915,F83CDA8E495F4DB4
WXYZA7890B,Vikram Malhotra,WXYZA7890B_Form16.pdf,2026-06-24T13:47:47.847529,hr001,True,hr001,2026-06-24T13:47:56.830835,F83CDA8E495F4DB4
